{"exp1": [1605.9406825273365, 9.305376830502587], "exp2": [1545.4926552627749, 6.1725251173186075], "exp3": [1490.635332455915, 4.3957306444175535], "exp4": [1413.9595215249697, 2.6812529922591515], "pseudo-bma": [1413.9595215249701, 7.676404986208327], "pseudo-bma+": [1518.869832032176, 10.175854739387892], "stacking-mle": [1606.1801902000311, 26.441299858274277], "stacking-bayes": [1613.8379280185477, 19.258684525250125], "stacking-hier-bayes": [1614.7497436650947, 19.71233763590215]}