{"gp": [57.22267365214903, 5.663179052540679], "linear-hk": [58.54525073915674, 5.738204794888303], "constant": [31.794537891973512, 8.693752188724], "ssm": [58.12968791522201, 6.594599615505344], "linear": [42.447326590988226, 8.629637632972766], "ar1": [60.25628289297649, 5.619956022081041], "pseudo-bma": [59.3326574024398, 6.114763866724279], "pseudo-bma+": [60.29895594920545, 5.72619152640664], "stacking-mle": [60.4481294399805, 5.682225237381059], "stacking-bayes": [59.65035300064763, 5.522116689228826], "stacking-hier-bayes": [59.8988073826275, 5.651153948448842]}